{
    "learning_rate": 0.00961897291774608,
    "lambda_l1": 2.3133381607108757e-05,
    "lambda_l2": 9.34740351230864,
    "num_leaves": 363,
    "min_data_in_leaf": 126,
    "feature_fraction": 0.5272667493038544,
    "feature_fraction_bynode": 0.6576880480846107,
    "min_sum_hessian_in_leaf": 36,
    "bagging_fraction": 0.5973165693263921,
    "bagging_freq": 3
}